{"model":{"version":3,"nodes":[{"name":"RootNode","position":[0,0,0],"rotation":[0,0,0],"scale":[0.01,0.01,0.01],"scaleCompensation":false},{"name":"Obsticle_4","position":[0,0,0],"rotation":[-30.6613,-43.1825,2.17393],"scale":[1,1,1],"scaleCompensation":false}],"parents":[-1,0],"skins":[],"morphs":[],"vertices":[{"position":{"type":"float32","components":3,"data":[154.704,326.838,980.009,542.865,468.498,670.254,513.163,567.376,670.254,387.108,555.292,404.474,593.73,535.767,335.89,598.855,524.226,254.861,83.2738,452.022,-52.1857,778.485,440.452,450.19,727.859,485.515,466.492,542.04,393.51,684.168,727.859,485.515,466.492,542.865,468.498,670.254,778.485,440.452,450.19,542.04,393.51,684.168,-500.025,-73.5771,-984.218,-477.284,97.3407,-827.756,-414.391,-75.0405,-986.462,-419.135,105.892,-837.266,-437.966,136.29,-777.226,29.9862,-151.088,-875.468,-197.608,50.4115,-709.71,28.9807,254.792,-618.586,-125.185,-170.486,-831.928,-125.185,-170.486,-831.928,-197.608,50.4115,-709.71,-646.29,-143.412,-850.824,-525.192,113.489,-639.124,-525.192,113.489,-639.124,-786.093,67.1434,-741.501,-609.013,256.686,-559.473,-646.29,-143.412,-850.824,-943.905,72.9767,-539.733,-746.428,363.206,-391.786,-534.74,519.508,884.302,-664.514,772.439,500.988,-724.08,740.064,471.251,-501.274,553.902,873.347,-712.294,336.338,369.247,-611.945,217.366,712.402,-683.774,-268.492,546.869,-768.901,136.281,214.993,-695.914,-756.525,247.794,-787.358,-575.059,-69.6301,755.404,4.83937,-577.093,438.207,-255.825,-711.031,403.533,169.248,-397.722,691.706,250.596,-391.155,923.24,-817.24,267.07,931.731,-630.226,-68.4007,931.596,-523.375,379.234,928.909,-272.786,73.1712,931.731,-630.226,-68.4007,1092.49,-499.768,-311.209,1076.49,-210.539,-190.611,928.909,-272.786,73.1712,947.871,58.4589,-28.2537,-20.266,-485.139,794.165,167.02,-895.158,449.569,288.79,-463.122,673.008,-93.2009,-909.17,489.439,288.79,-463.122,673.008,167.02,-895.158,449.569,630.001,-626.056,710.369,629.216,-953.98,528.695,-654.528,-325.775,594.913,-676.907,-794.243,313.772,-676.907,-794.243,313.772,-654.528,-325.775,594.913,-768.901,136.281,214.993,-1058.35,-54.6873,-225.967,-787.358,-575.059,-69.6301,-1092.49,-385.654,-391.579,-486.557,146.501,-586.63,-554.837,284.689,-512.32,-1041.26,-238.407,-658.244,-664.514,772.439,500.988,465.695,635.846,669.067,260.104,753.233,459.395,-397.647,953.98,16.8842,141.539,387.361,986.462,-501.274,553.902,873.347,154.704,326.838,980.009,48.4369,39.6491,918.649,393.904,-7.30475,817.943,393.904,-7.30475,817.943,542.865,468.498,670.254,387.108,555.292,404.474,513.163,567.376,670.254,309.454,715.548,432.928,-344.225,910.202,-33.4656,83.2727,452.023,-52.1873,83.2738,452.022,-52.1857,-91.1553,461.519,-145.672,-192.569,390.492,-184.875,-461.787,934.326,-23.469,49.7862,502.518,-410.077,-91.1553,461.519,-145.672,324.203,507.977,-237.651,523.742,425.397,-51.9301,83.2727,452.023,-52.1873,83.2727,452.023,-52.1873,523.742,425.397,-51.9301,-661.228,341.585,197.642,-672.65,409.779,-360.08,-192.569,390.492,-184.875,-293.873,101.915,-484.138,-192.569,390.492,-184.875,-221.008,82.7299,-659.073,-293.873,101.915,-484.138,-859.886,-144.477,-836.792,-889.277,292.023,-111.578,-832.039,347.821,-91.053,-561.172,198.767,762.761,-397.647,953.98,16.8842,-501.274,553.902,873.347,-534.74,519.508,884.302,141.539,387.361,986.462,523.742,425.397,-51.9301,736.111,-281.023,-685.609,403.533,169.248,-397.722,324.203,507.977,-237.651,523.742,425.397,-51.9301,49.7862,502.518,-410.077,-561.172,198.767,762.761,-661.228,341.585,197.642,393.904,-7.30475,817.943,594.65,-267.731,844.272,850.606,-217.225,502.048,834.408,79.6158,228.971,834.408,79.6158,228.971,393.904,-7.30475,817.943,834.408,79.6158,228.971,141.539,387.361,986.462,465.695,635.846,669.067,438.207,-255.825,-711.031,-486.557,146.501,-586.63,-486.557,146.501,-586.63,-221.008,82.7299,-659.073,-437.966,136.29,-777.226,-293.873,101.915,-484.138,-221.008,82.7299,-659.073,-91.1553,461.519,-145.672,-672.65,409.779,-360.08,-832.039,347.821,-91.053,-661.228,341.585,197.642,-192.569,390.492,-184.875,834.408,79.6158,228.971,593.73,535.767,335.89,542.865,468.498,670.254,727.859,485.515,466.492,387.108,555.292,404.474,465.695,635.846,669.067,260.104,753.233,459.395]},"normal":{"type":"float32","components":3,