{"model":{"version":3,"nodes":[{"name":"RootNode","position":[0,0,0],"rotation":[0,0,0],"scale":[0.01,0.01,0.01],"scaleCompensation":false},{"name":"Obsticle_2","position":[0,0,0],"rotation":[-90,-0,0],"scale":[1,1,1],"scaleCompensation":false}],"parents":[-1,0],"skins":[],"morphs":[],"vertices":[{"position":{"type":"float32","components":3,"data":[363.89,320.377,205.028,340.456,335.577,199.626,260.094,271.073,241.086,-290.011,-36.1479,68.8963,-288.235,250.84,21.5744,-296.858,253.769,-107.534,339.139,-44.4253,265.443,247.018,-219.833,351.959,348.055,-321.248,347.686,246.639,-11.1714,283.848,294.991,-314.767,224.79,288.886,-321.027,-26.4265,319.388,-300.14,223.264,314.173,-307.91,-27.5359,292.505,-274.832,-253.964,268.794,-286.056,-253.786,323.782,-296.076,-264.025,256.578,241.433,-255.754,292.505,-274.832,-253.964,284.334,269.893,-270.226,319.388,-300.14,223.264,320.44,-343.613,250.636,294.991,-314.767,224.79,346.261,-326.07,248.645,320.712,-294.636,-351.959,278.459,258.627,-351.959,322.08,-338.898,350.748,291.865,-170.496,179.068,277.531,263.425,-101.189,-279.859,-249.957,266.985,-357.771,-342.49,237.593,-340.064,-353.24,242.941,-284.757,-324.054,-280.707,268.794,-286.056,-253.786,-262.058,-291.673,-268.4,300.419,-316.66,-263.411,-292.428,-324.724,119.385,-314.193,-355.103,136.686,-307.16,-313.753,114.128,-337.209,-343.681,129.894,-262.058,-291.673,-268.4,-279.494,-290.33,-131.884,-278.612,-272.13,-269.169,-296.6,-277.244,-134.368,137.724,-289.787,189.362,-292.428,-324.724,119.385,-308.214,-304.607,-281.617,-298.062,-303.837,-351.959,-275.251,-326.363,-351.959,-336.828,311.24,123.825,-277.592,29.3872,217.42,-248.694,271.071,181.075,-363.89,-24.3228,179.441,-319.182,271.753,-271.509,-278.612,-272.13,-269.169,-288.21,246.42,-260.155,-301.023,305.743,28.5115,-270.66,270.373,20.6789,-319.924,283.446,29.6075,-288.235,250.84,21.5744,-315.016,265.958,-351.959,-316.751,335.576,122.11,-270.66,270.373,20.6789,-279.161,274.009,-104.88,-271.436,265.388,-259.263,-288.21,246.42,-260.155,243.933,263.413,-255.836,274.571,294.333,-270.51,291.865,-170.496,179.068,320.741,262.23,95.9983,333.139,-166.929,199.744,352.016,292.048,108.373,268.568,282.486,-351.959,320.741,262.23,95.9983,256.578,241.433,-255.754,-299.512,290.475,-270.51,-271.436,265.388,-259.263,-335.094,-31.4888,78.9563,-290.011,-36.1479,68.8963,133.996,-328.742,219.397,137.724,-289.787,189.362,328.338,311.172,101.68,303.09,280.26,90.3134,4.02747,274.17,53.4294,2.23059,320.173,61.455,-279.161,274.009,-104.88,258.368,286.528,-101.876,243.933,263.413,-255.836,-271.436,265.388,-259.263,297.625,-313.964,-351.959,-295.937,286.298,-351.959,7.23718,-314.113,298.199,-9.06116,355.103,154.579,5.90491,10.3364,229.011,7.75085,-191.406,285.712,216.908,-11.5278,258.497,217.238,-193.558,317.915,-240.413,23.854,200.547,-242.392,-219.837,243.786,228.645,234.692,221.192,0.521851,246.126,192.048,-215.204,234.691,168.842,-1.40491,284.179,207.677,-248.694,271.071,181.075,-215.204,234.691,168.842,0.521851,246.126,192.048,6.88074,-217.367,315.045,247.018,-219.833,351.959,217.238,-193.558,317.915,7.75085,-191.406,285.712,246.639,-11.1714,283.848,260.094,271.073,241.086,228.645,234.692,221.192,216.908,-11.5278,258.497,-277.592,29.3872,217.42,-242.392,-219.837,243.786,-240.413,23.854,200.547,-279.859,-249.957,266.985,228.645,234.692,221.192,260.094,271.073,241.086,-242.392,-219.837,243.786,-279.859,-249.957,266.985,294.991,-314.767,224.79,303.09,280.26,90.3134,4.02747,274.17,53.4294,-1.40491,284.179,207.677,6.88074,-217.367,315.045,-270.66,270.373,20.6789,-307.16,-313.753,114.128,-296.6,-277.244,-134.368,-307.16,-313.753,114.128,303.09,280.26,90.3134,-278.612,-272.13,-269.169]},"normal":{"type":"float32","components":3,"data":[0.700918,0.456746,0.547811,0.23211,0.901823,0.364474,-0.113292,0.214374,0.970159,-0.890437,-0.0545101,-0.451831,-0.758792,0.213592,-0.615315,-0.958645,0.284605,0.000266353,0.820351,0.125921,0.557824,-0.110366,0.263293,0.958382,0.716615,-0.16972,0.676504,-0.201878,0.229622,0.952113,0.195926,-0.869513,-0.453388,0.156308,-0.986953,-0.03861,0.754512,-0.458011,-0.470039,0.887108,-0.461424,-0.0112949,0.718342,-0.362768,0.59362,0.180087,-0.808491,0.560277,0.736964,-0.287272,0.611849,0.814834,0.264914,0.515622,0.718342,-0.362768,0.59362,0.822168,0.200656,0.532708,0.754512,-0.458011,-0.470039,0.241284,-0.862312,-0.445198,0.195926,-0.869513,-0.453388,0.722044,-0.455303,-0.520914,0.921771,-0.383893,-0.0544443,0.969976,0.225942,-0.0899869,0.141693,-0.677013,0.722202,0.868233,-0.0814461,-0.489426,0.952288,0.291737,-0.0896483,-0.158086,0.190089,0.968956,-0.795308,-0.291249,0.531657,-0.285127,-0.689348,0.665959,-0.295333,-0.743775,0.599647,0.180087,-0.808491,0.560277,-0.317506,-0.750697,0.579347,0.258294,-0.745998,0.613817,-0.114321,-0.844422,-0.523338,-0.0682642,-0.877,-0.475616,-0.608371,-0.448735,-0.654616,-0.545242,-0.49115,-0.679326,-0.317506,-0.750697,0.579347,-0.336064,-0.938595,-0.0781007,-0.759224,-0.315172,0.569425,-0.941491,-0.328909,-0.073572,0.0298624,-0.903429,-0.427696,-0.114321,-0.844422,-0.523338,-0.753081,-0.325141,0.571973,-0.904616,-0.414737,-0.0982981,-0.349906,-0.935743,-0.0441793,-0.841109,0.385732,0.379138,-0.0341843,0.161802,0.986231,-0.143625,0.191354,0.970956,-0.91398,0.0988801,0.393527,-0.7686,0.277108,0.576597,-0.759224,-0.315172,0.569425,-0.774819,0.266637,0.573202,-0.245201,0.565576,-0.787401,-0.288692,0.698904,-0.654363,-0.651399,0.170141,-0.739413,-0.758792,0.213592,-0.615315,-0.924354,0.369684,-0.0943554,-0.421319,0.842186,0.336471,-0.288692,0.698904,-0.654363,-0.336774,0.941547,-0.00845969,-0.330286,0.753664,0.568245,-0.774819,0.266637,0.573202,0.386333,0.742315,0.547462,0.435471,0.689952,0.578214,0.868233,-0.0814461,-0.489426,0.755528,0.120445,-0.643949,0.851725,-0.115901,-0.51101,0.744251,0.166798,-0.646737,0.552917,0.822868,-0.131034,0.755528,0.120445,-0.643949,0.814834,0.264914,0.515622,-0.312264,0.763287,0.565583,-0.330286,0.753664,0.568245,-0.730978,-0.0895981,-0.676493,-0.890437,-0.0545101,-0.451831,0.0658606,-0.918061,-0.390931,0.0298624,-0.903429,-0.427696,0.33892,0.584611,-0.737131,0.388264,0.633886,-0.668909,0.0398147,0.882942,-0.467791,0.0807869,0.672874,-0.735332,-0.336774,0.941547,-0.00845969,0.335175,0.938834,-0.0790468,0.386333,0.742315,0.547462,-0.330286,0.753664,0.568245,0.355288,-0.934547,-0.0197957,-0.38226,0.91917,-0.0948924,-0.105189,-0.722585,0.683232,-0.0402327,0.953259,0.299465,-0.124456,0.204343,0.970956,-0.144838,0.520588,0.841433,-0.395725,0.215235,0.892791,-0.302501,0.454977,0.837549,0.154852,0.160409,0.974828,0.0323395,0.405885,0.913352,-0.321225,-0.030367,0.946516,-0.115128,-0.118418,0.986267,0.0831412,-0.0501023,0.995277,-0.116375,0.121933,0.985692,-0.143625,0.191354,0.970956,0.0831412,-0.0501023,0.995277,-0.115128,-0.118418,0.986267,-0.167719,0.336647,0.926574,-0.110366,0.263293,0.958382,-0.302501,0.454977,0.837549,-0.144838,0.520588,0.841433,-0.201878,0.229622,0.952113,-0.113292,0.214374,0.970159,-0.321225,-0.030367,0.946516,-0.395725,0.215235,0.892791,-0.0341843,0.161802,0.986231,0.0323395,0.405885,0.913352,0.154852,0.160409,0.974828,-0.158086,0.190089,0.968956,-0.321225,-0.030367,0.946516,-0.113292,0.214374,0.970159,0.0323395,0.405885,0.913352,-0.158086,0.190089,0.968956,0.195926,-0.869513,-0.453388,0.388264,0.633886,-0.668909,0.0398147,0.882942,-0.467791,-0.116375,0.121933,0.985692,-0.167719,0.336647,0.926574,-0.288692,0.698904,-0.654363,-0.608371,-0.448735,-0.654616,-0.941491,-0.328909,-0.073572,-0.608371,-0.448735,-0.654616,0.388264,0.633886,-0.668909,-0.759224,-0.315172,0.569425]},"texCoord0":{"type":"float32","components":2,