{"model":{"version":3,"nodes":[{"name":"RootNode","position":[0,0,0],"rotation":[0,0,0],"scale":[0.01,0.01,0.01],"scaleCompensation":false},{"name":"Table","position":[-2.29995,-32.256,4.8107],"rotation":[-90,0,0],"scale":[5.98262,5.98262,5.98262],"scaleCompensation":false}],"parents":[-1,0],"skins":[],"morphs":[],"vertices":[{"position":{"type":"float32","components":3,"data":[-1.08553,0.806149,4.95673,-1.3272,0.806149,0.201604,-1.3272,0.806149,4.95673,-1.08553,0.806149,0.201604,2.08654,-1.4623,0.201604,2.08654,-1.26114,0.0213997,2.08654,-1.26114,0.201604,2.08654,-1.4623,0.0213997,2.08654,0.806149,0.201604,1.84487,0.806149,0.0213997,1.84487,0.806149,0.201604,2.08654,0.806149,0.0213997,1.84487,0.806149,0.201604,1.84487,0.573033,0.201604,2.08654,0.806149,0.201604,2.08654,0.573033,0.201604,-1.3272,-1.4623,0.201604,-1.08553,-1.4623,0.0213997,-1.08553,-1.4623,0.201604,-1.3272,-1.4623,0.0213997,-1.08553,-1.4623,0.0213997,1.84487,-1.26114,0.0213997,1.84487,-1.4623,0.0213997,-1.08553,-1.26114,0.0213997,-1.08553,0.806149,0.201604,-1.3272,0.806149,0.0213997,-1.3272,0.806149,0.201604,-1.08553,0.806149,0.0213997,1.84487,0.573033,0.0213997,2.08654,0.806149,0.0213997,2.08654,0.573033,0.0213997,1.84487,0.806149,0.0213997,1.84487,-1.4623,0.201604,2.08654,-1.4623,0.0213997,2.08654,-1.4623,0.201604,1.84487,-1.4623,0.0213997,1.84487,0.806149,0.0213997,-1.08553,0.806149,0.0213997,1.84487,0.806149,0.201604,-1.08553,0.806149,0.201604,-1.08553,0.573033,0.0213997,1.84487,0.806149,0.0213997,1.84487,0.573033,0.0213997,-1.08553,0.806149,0.0213997,-1.08553,-1.4623,0.0213997,-1.08553,-1.4623,0.201604,-1.08553,0.573033,0.201604,-1.08553,0.806149,0.201604,-1.3272,0.806149,0.201604,-1.3272,0.573033,0.0213997,-1.3272,0.573033,0.201604,-1.3272,0.806149,0.0213997,-1.3272,-1.4623,0.0213997,-1.3272,-1.26114,0.0213997,-1.08553,-1.4623,0.201604,1.84487,-1.4623,0.201604,-1.08553,-1.26114,0.201604,1.84487,-1.26114,0.201604,-1.08553,0.573033,4.95673,-1.08553,0.573033,0.201604,-1.08553,0.806149,4.95673,-1.08553,0.806149,0.201604,2.08654,-1.4623,0.0213997,2.08654,-1.26114,0.0213997,2.08654,-1.26114,0.201604,2.08654,-1.4623,0.201604,-1.08553,0.573033,0.0213997,-1.3272,0.573033,0.0213997,-1.3272,0.806149,0.0213997,-1.08553,0.806149,0.0213997,2.08654,0.573033,0.201604,2.08654,0.806149,0.0213997,2.08654,0.806149,0.201604,2.08654,0.573033,0.0213997,-1.3272,0.573033,0.0213997,1.84487,-1.26114,0.201604,1.84487,0.573033,0.201604,1.84487,0.573033,0.0213997,1.84487,-1.26114,0.0213997,-1.08553,0.573033,0.0213997,1.84487,0.573033,0.201604,-1.08553,0.573033,0.201604,1.84487,0.573033,0.0213997,-1.3272,0.573033,0.201604,-1.3272,-1.26114,0.201604,-1.08553,0.573033,0.201604,-1.08553,-1.26114,0.201604,2.08654,0.573033,0.0213997,-1.3272,-1.26114,0.0213997,-1.3272,-1.26114,0.201604,-1.3272,-1.4623,0.0213997,-1.3272,-1.4623,0.201604,1.84487,-1.26114,0.0213997,-1.08553,-1.26114,0.201604,1.84487,-1.26114,0.201604,-1.08553,-1.26114,0.0213997,-1.08553,0.573033,0.201604,-1.08553,-1.26114,0.201604,-1.08553,-1.26114,0.0213997,-1.08553,0.573033,0.0213997,-1.3272,0.806149,5.13693,-1.08553,0.573033,5.13693,-1.08553,0.806149,5.13693,-1.3272,0.573033,5.13693,2.08654,-1.4623,5.13693,2.08654,-1.26114,4.95673,2.08654,-1.26114,5.13693,2.08654,-1.4623,4.95673,2.08654,0.806149,5.13693,1.84487,0.806149,4.95673,1.84487,0.806149,5.13693,2.08654,0.806149,4.95673,1.84487,0.806149,5.13693,1.84487,0.573033,5.13693,2.08654,0.806149,5.13693,2.08654,0.573033,5.13693,-1.3272,-1.4623,5.13693,-1.08553,-1.4623,4.95673,-1.08553,-1.4623,5.13693,-1.3272,-1.4623,4.95673,-1.08553,-1.4623,4.95673,1.84487,-1.26114,4.95673,1.84487,-1.4623,4.95673,-1.08553,-1.26114,4.95673,-1.08553,0.806149,5.13693,-1.3272,0.806149,4.95673,-1.3272,0.806149,5.13693,-1.08553,0.806149,4.95673,1.84487,0.573033,4.95673,2.08654,0.806149,4.95673,2.08654,0.573033,4.95673,1.84487,0.806149,4.95673,1.84487,-1.4623,5.13693,2.08654,-1.4623,4.95673,2.08654,-1.4623,5.13693,1.84487,-1.4623,4.95673,1.84487,0.806149,4.95673,-1.08553,0.806149,4.95673,1.84487,0.806149,5.13693,-1.08553,0.806149,5.13693,-1.08553,0.573033,4.95673,-1.08553,0.806149,4.95673,-1.3272,0.806149,5.13693,-1.3272,0.573033,4.95673,-1.3272,0.573033,5.13693,-1.3272,0.806149,4.95673,-1.08553,0.573033,4.95673,-1.3272,0.573033,0.201604,-1.08553,0.573033,0.201604,-1.3272,0.573033,4.95673,-1.08553,-1.4623,5.13693,1.84487,-1.4623,5.13693,-1.08553,-1.26114,5.13693,1.84487,-1.26114,5.13693,-1.3272,-1.26114,5.13693,-1.3272,-1.4623,5.13693,2.08654,-1.4623,4.95673,2.08654,-1.26114,4.95673,2.08654,-1.26114,5.13693,2.08654,-1.4623,5.13693,-1.3272,0.806149,4.95673,-1.3272,0.806149,0.201604,-1.3272,0.573033,4.95673,-1.3272,0.573033,0.201604,2.08654,0.573033,5.13693,2.08654,0.806149,4.95673,2.08654,0.806149,5.13693,2.08654,0.573033,4.95673,-1.3272,-1.26114,4.95673,-1.3272,0.573033,4.95673,-1.08553,-1.26114,4.95673,-1.08553,0.573033,4.95673,1.84487,-1.26114,5.13693,1.84487,0.573033,5.13693,1.84487,0.573033,4.95673,1.84487,-1.26114,4.95673,1.84487,0.573033,5.13693,-1.08553,0.573033,5.13693,-1.08553,0.573033,4.95673,1.84487,0.573033,4.95673,-1.3272,-1.26114,4.95673,-1.3272,-1.26114,5.13693,-1.3272,-1.4623,4.95673,-1.3272,-1.4623,5.13693,-1.08553,-1.26114,5.13693,1.84487,-1.26114,5.13693,1.84487,-1.26114,4.95673,-1.08553,-1.26114,4.95673,-1.08553,0.573033,5.13693,-1.08553,-1.26114,5.13693,-1.08553,-1.26114,4.95673,-1.08553,0.573033,4.95673,-1.3272,-1.26114,4.95673,-1.3272,-1.4623,0.201604,-1.3272,-1.4623,4.95673,-1.3272,-1.26114,0.201604,-1.3272,-1.4623,0.201604,-1.08553,-1.4623,4.95673,-1.08553,-1.4623,0.201604,-1.08553,-1.26114,4.95673,-1.08553,-1.26114,0.201604,-1.08553,-1.26114,4.95673,-1.3272,-1.26114,0.201604,-1.3272,-1.26114,4.95673,-1.08553,-1.26114,0.201604,-1.30098,-1.2461,5.10152,-1.30098,0.579173,0.0568119,-1.30098,-1.33008,5.06953,-1.30098,0.663154,0.0887983,-1.18688,0.663154,0.0887983,-1.18688,-1.2461,5.10152,-1.18688,0.579173,0.0568119,-1.18688,-1.33008,5.06953,-1.30098,-1.33008,5.06953,-1.30098,0.579173,0.0568119,-1.18688,-1.33008,5.06953,-1.18688,0.579173,0.0568119,-1.18688,0.579173,0.0568119,-1.30098,0.579173,0.0568119,-1.30098,0.663154,0.0887983,-1.18688,0.663154,0.0887983,-1.18688,-1.2461,5.10152,-1.30098,0.663154,0.0887983,-1.30098,-1.2461,5.10152,-1.18688,0.663154,0.0887983,-1.18688,-1.2461,5.10152,-1.30098,-1.2461,5.10152,-1.30098,-1.33008,5.06953,-1.18688,-1.33008,5.06953,-1.30098,-1.33062,0.0887983,-1.30098,0.578632,5.10152,-1.30098,-1.24664,0.0568119,-1.30098,0.662612,5.06953,-1.18688,0.578632,5.10152,-1.18688,-1.24664,0.0568119,-1.18688,0.662612,5.06953,-1.18688,-1.33062,0.0887983,-1.18688,0.662612,5.06953,-1.30098,-1.24664,0.0568119,-1.30098,0.662612,5.06953,-1.18688,-1.24664,0.0568119,-1.18688,-1.33062,0.0887983,-1.30098,-1.33062,0.0887983,-1.18688,-1.24664,0.0568119,-1.30098,-1.24664,0.0568119,-1.18688,0.578632,5.10152,-1.30098,-1.33062,0.0887983,-1.18688,-1.33062,0.0887983,-1.30098,0.578632,5.10152,-1.18688,0.662612,5.06953,-1.30098,0.662612,5.06953,-1.18688,0.578632,5.10152,-1.30098,0.578632,5.10152,-1.31648,0.808564,5.30239,-1.31648,-1.44621,5.30239,2.07656,0.808564,5.30239,2.07656,-1.44621,5.30239,-1.31648,-1.44621,5.30239,2.07656,-1.44621,5.11812,2.07656,-1.44621,5.30239,-1.31648,-1.44621,5.11812,-1.31648,0.808564,5.30239,-1.31648,-1.44621,5.11812,-1.31648,-1.44621,5.30239,-1.31648,0.808564,5.11812,2.07656,-1.44621,5.11812,-1.31648,-1.44621,5.11812,-1.31648,0.808564,5.11812,2.07656,0.808564,5.11812,2.07656,-1.44621,5.30239,2.07656,0.808564,5.11812,2.07656,0.808564,5.30239,2.07656,-1.44621,5.11812,2.07656,0.808564,5.30239,-1.31648,0.808564,5.11812,-1.31648,0.808564,5.30239,2.07656,0.808564,5.11812]},"normal":{"type":"float32","components":3,